"entity_table","tablename","entity_column","columnname","no_columnas_por_tabla"
D,AD_Org,U,MOLI_AD_Org_ID,1
D,AD_OrgInfo,U,PA_Goal_ID,1
D,AD_Sequence_No,U,Prefix,2
D,AD_Sequence_No,U,Suffix,2
D,AD_User,U,Percentage,1
D,C_Bank,U,MOLI_C_Bank_ID,1
D,C_BankAccount,U,MOLI_C_BankAccount_ID,2
D,C_BankAccount,U,SwiftCode,2
D,C_BPartner,MOLI,IDCardNo,26
D,C_BPartner,MOLI,ImageURL,26
D,C_BPartner,MOLI,OrgSector,26
D,C_BPartner,MOLI,SocialSecurityNO,26
D,C_BPartner,U,Commision,26
D,C_BPartner,U,Commission,26
D,C_BPartner,U,FIRSTHIREDATE,26
D,C_BPartner,U,HIREDATE,26
D,C_BPartner,U,IDCardAux,26
D,C_BPartner,U,IDNumber,26
D,C_BPartner,U,IDType,26
D,C_BPartner,U,isSocialSecurity,26
D,C_BPartner,U,JobRemuneration,26
D,C_BPartner,U,MOLI_BPARTNERTYPE,26
D,C_BPartner,U,MOLI_C_BPartner_ID,26
D,C_BPartner,U,MOLI_DocumentType,26
D,C_BPartner,U,MOLI_GMRKenzoBarcode,26
D,C_BPartner,U,MOLI_GMRKenzo_ID,26
D,C_BPartner,U,MOLI_IsEDI,26
D,C_BPartner,U,MOLI_IsGMRKenzo,26
D,C_BPartner,U,MOLI_IsPromoter,26
D,C_BPartner,U,MOLI_NroCedula,26
D,C_BPartner,U,MOLI_PHOTOID,26
D,C_BPartner,U,MOLI_SyncPrefix,26
D,C_BPartner,U,OrgSectorValue,26
D,C_BPartner,U,PIN,26
D,C_BPartner_Location,U,MOLI_C_BPartner_Location_ID,2
D,C_BPartner_Location,U,MOLI_GeoRefCode_ID,2
D,C_BP_BankAccount,U,SwiftCode,1
D,C_BP_Group,U,MOLI_C_BPartner_Location_ID,1
D,C_Charge,U,MOLI_C_Charge_ID,1
D,C_City,U,admin_name,6
D,C_City,U,lat,6
D,C_City,U,lng,6
D,C_City,U,Name2,6
D,C_City,U,population,6
D,C_City,U,Value,6
D,C_Commission,U,ValidFrom,2
D,C_Commission,U,ValidTo,2
D,C_Country,U,MOLI_ALP3CountryCode,2
D,C_Country,U,MOLI_UnCountryCode,2
D,C_DocType,U,MOLI_C_DocType_ID,1
D,C_Invoice,U,MOLI_AmtIVA0,23
D,C_Invoice,U,MOLI_AmtIVA10,23
D,C_Invoice,U,MOLI_AmtIVA5,23
D,C_Invoice,U,MOLI_AuthNo,23
D,C_Invoice,U,MOLI_Cdc,23
D,C_Invoice,U,MOLI_C_Invoice_ID,23
D,C_Invoice,U,MOLI_CreditNoteReason,23
D,C_Invoice,U,MOLI_CurrencyRate,23
D,C_Invoice,U,MOLI_FiscalDocumentNo,23
D,C_Invoice,U,MOLI_FsError,23
D,C_Invoice,U,MOLI_FsPaused,23
D,C_Invoice,U,MOLI_FsStatus,23
D,C_Invoice,U,MOLI_FsVoidMessage,23
D,C_Invoice,U,MOLI_FsVoidStatus,23
D,C_Invoice,U,MOLI_InvAuth,23
D,C_Invoice,U,MOLI_InvoiceNo,23
D,C_Invoice,U,MOLI_InvoiceReference,23
D,C_Invoice,U,MOLI_IsExcluded,23
D,C_Invoice,U,MOLI_LinkAuthId,23
D,C_Invoice,U,MOLI_LinkInvNo,23
D,C_Invoice,U,MOLI_PreImpNO,23
D,C_Invoice,U,MOL_IsVerified,23
D,C_Invoice,U,MOLI_TaxCLBase,23
D,C_InvoiceLine,U,MOLI_HS_ID,7
D,C_InvoiceLine,U,MOLI_ProductBrand_ID,7
D,C_InvoiceLine,U,MOLI_ProductLine_ID,7
D,C_InvoiceLine,U,M_Product_Category_ID,7
D,C_InvoiceLine,U,ProductName,7
D,C_InvoiceLine,U,SKU,7
D,C_InvoiceLine,U,UPC,7
D,C_Order,U,CurrencyRate,5
D,C_Order,U,IsOverrideCurrencyRate,5
D,C_Order,U,MOLI_Cdc,5
D,C_Order,U,MOLI_Floreant_Data,5
D,C_Order,U,MOLI_GMRKenzo_ID,5
D,C_OrderLine,U,MOLI_Floreant_Data,4
D,C_OrderLine,U,ProductName,4
D,C_OrderLine,U,SKU,4
D,C_OrderLine,U,UPC,4
D,C_Order_LineTax_v,U,MOLI_SKULabel_RP,1
D,C_Payment,U,MOLI_C_Payment_ID,4
D,C_Payment,U,MOLI_FiscalDocumentNo,4
D,C_Payment,U,MOLI_Floreant_Data,4
D,C_Payment,U,MOLI_PostDatedCheck,4
D,C_PaymentTerm,U,MOLI_C_PaymentTerm_ID,1
D,C_PaySelection,U,MOLI_PostDatedCheck,1
D,C_PaySelection_Check_v,U,MOLI_PostDatedCheck,1
D,C_Region,U,Value,1
D,C_Tax,U,MOLI_C_Tax_ID,1
D,C_TaxCategory,U,MOLI_C_TaxCategory_ID,1
D,I_Inventory,U,ImportCostAdjustment,2
D,I_Inventory,U,SKU,2
D,I_Product,U,AttributeSet_Value,29
D,I_Product,U,C_RevenueRecognition_ID,29
D,I_Product,U,C_SubscriptionType_ID,29
D,I_Product,U,C_TaxCategory_ID,29
D,I_Product,U,GuaranteeDays,29
D,I_Product,U,GuaranteeDaysMin,29
D,I_Product,U,IsAutoProduce,29
D,I_Product,U,IsBOM,29
D,I_Product,U,IsDropShip,29
D,I_Product,U,IsExcludeAutoDelivery,29
D,I_Product,U,IsInvoicePrintDetails,29
D,I_Product,U,IsKanban,29
D,I_Product,U,IsManufactured,29
D,I_Product,U,IsOwnBox,29
D,I_Product,U,IsPhantom,29
D,I_Product,U,IsPickListPrintDetails,29
D,I_Product,U,IsPurchased,29
D,I_Product,U,IsSelfService,29
D,I_Product,U,IsSold,29
D,I_Product,U,IsStocked,29
D,I_Product,U,IsSummary,29
D,I_Product,U,IsVerified,29
D,I_Product,U,IsWebStoreFeatured,29
D,I_Product,U,LowLevel,29
D,I_Product,U,M_AttributeSetInstance_ID,29
D,I_Product,U,ProductBrand_Value,29
D,I_Product,U,ProductLine_Value,29
D,I_Product,U,TaxCategory_Value,29
D,I_Product,U,UOM_Value,29
D,M_InOut,U,DRIVERID,20
D,M_InOut,U,DRIVERNAME,20
D,M_InOut,U,MOLI_Cdc,20
D,M_InOut,U,MOLI_Distancia,20
D,M_InOut,U,MOLI_EndTransfer,20
D,M_InOut,U,MOLI_FiscalDocumentNo,20
D,M_InOut,U,MOLI_Floreant_Data,20
D,M_InOut,U,MOLI_FsError,20
D,M_InOut,U,MOLI_FsPaused,20
D,M_InOut,U,MOLI_FsStatus,20
D,M_InOut,U,MOLI_FsVoidMessage,20
D,M_InOut,U,MOLI_FsVoidStatus,20
D,M_InOut,U,MOLI_InvoiceReference,20
D,M_InOut,U,MOLI_RucTransportista,20
D,M_InOut,U,MOLI_StartTransfer,20
D,M_InOut,U,MOLI_TransportDirection,20
D,M_InOut,U,MOLI_Transportista,20
D,M_InOut,U,MOLI_VehicleType,20
D,M_InOut,U,VEHICLE,20
D,M_InOut,U,VEHICLEID,20
D,M_InOutLine,U,MOLI_Floreant_Data,4
D,M_InOutLine,U,ProductName,4
D,M_InOutLine,U,SKU,4
D,M_InOutLine,U,UPC,4
D,M_InOutLineConfirm,U,UPC,1
D,M_Locator,U,MOLI_GeoRefCode_ID,1
D,M_MovementLine,U,LineNetAmt,6
D,M_MovementLine,U,PriceActual,6
D,M_MovementLine,U,PriceList,6
D,M_MovementLine,U,ProductName,6
D,M_MovementLine,U,SKU,6
D,M_MovementLine,U,UPC,6
D,M_PriceList,U,MOLI_M_PriceList_ID,1
D,M_Product,U,MOLI_ConfigurableSKU,12
D,M_Product,U,MOLI_HS_ID,12
D,M_Product,U,MOLI_IsConsignment,12
D,M_Product,U,MOLI_IsLocalVendor,12
D,M_Product,U,MOLI_M_Product_ID,12
D,M_Product,U,MOLI_ProductBrand_ID,12
D,M_Product,U,MOLI_ProductLine_ID,12
D,M_Product,U,MOLI_ProductSize,12
D,M_Product,U,MOLI_ProductSizeUOM,12
D,M_Product,U,MOLI_SyncPrefix,12
D,M_Product,U,MOLI_TagLabel,12
D,M_Product,U,MOLI_TagLabelExt,12
D,M_ProductPrice,U,MOLI_ProductBrand_ID,1
D,M_RMA,U,MOLI_Floreant_Data,1
D,M_RMALine,U,MOLI_Floreant_Data,1
D,M_Warehouse,U,MOLI_GeoRefCode_ID,1
ING,ING_ModelGenerator,U,ING_ModelGenerator_ID,3
ING,ING_ModelGenerator,U,ING_Table_ID,3
ING,ING_ModelGenerator,U,ModelGeneratorProcess,3
IR,REST_RefreshToken,U,RefreshToken,2
IR,REST_RefreshToken,U,REST_RevokeCause,2
MOLI,T_UpdatedProduct_Price,MOLI,AD_Client_ID,25
MOLI,T_UpdatedProduct_Price,MOLI,AD_Org_ID,25
MOLI,T_UpdatedProduct_Price,MOLI,AD_PInstance_ID,25
MOLI,T_UpdatedProduct_Price,MOLI,BrandName,25
MOLI,T_UpdatedProduct_Price,MOLI,CategoryName,25
MOLI,T_UpdatedProduct_Price,MOLI,Created,25
MOLI,T_UpdatedProduct_Price,MOLI,CreatedBy,25
MOLI,T_UpdatedProduct_Price,MOLI,Date1,25
MOLI,T_UpdatedProduct_Price,MOLI,IsActive,25
MOLI,T_UpdatedProduct_Price,MOLI,LineName,25
MOLI,T_UpdatedProduct_Price,MOLI,M_PriceList_Version_ID,25
MOLI,T_UpdatedProduct_Price,MOLI,OldPriceLimit,25
MOLI,T_UpdatedProduct_Price,MOLI,OldPriceList,25
MOLI,T_UpdatedProduct_Price,MOLI,OldPriceStd,25
MOLI,T_UpdatedProduct_Price,MOLI,PriceLimit,25
MOLI,T_UpdatedProduct_Price,MOLI,PriceList,25
MOLI,T_UpdatedProduct_Price,MOLI,PriceStd,25
MOLI,T_UpdatedProduct_Price,MOLI,ProductName,25
MOLI,T_UpdatedProduct_Price,MOLI,SKU,25
MOLI,T_UpdatedProduct_Price,MOLI,T_UpdatedProduct_Price_ID,25
MOLI,T_UpdatedProduct_Price,MOLI,T_UpdatedProduct_Price_UU,25
MOLI,T_UpdatedProduct_Price,MOLI,UPC,25
MOLI,T_UpdatedProduct_Price,MOLI,Updated,25
MOLI,T_UpdatedProduct_Price,MOLI,UpdatedBy,25
MOLI,T_UpdatedProduct_Price,MOLI,VersionName,25
U,MOLI_BrandUSP,U,AD_Client_ID,20
U,MOLI_BrandUSP,U,AD_Org_ID,20
U,MOLI_BrandUSP,U,AD_OrgTrx_ID,20
U,MOLI_BrandUSP,U,Bill_BPartner_ID,20
U,MOLI_BrandUSP,U,Bill_Location_ID,20
U,MOLI_BrandUSP,U,C_BPartner_ID,20
U,MOLI_BrandUSP,U,C_BPartner_Location_ID,20
U,MOLI_BrandUSP,U,Created,20
U,MOLI_BrandUSP,U,CreatedBy,20
U,MOLI_BrandUSP,U,Description,20
U,MOLI_BrandUSP,U,IsActive,20
U,MOLI_BrandUSP,U,MOLI_BrandUSP,20
U,MOLI_BrandUSP,U,MOLI_BrandUSP_ID,20
U,MOLI_BrandUSP,U,MOLI_BrandUSP_UU,20
U,MOLI_BrandUSP,U,MOLI_ProductBrand_ID,20
U,MOLI_BrandUSP,U,M_Product_Category_ID,20
U,MOLI_BrandUSP,U,SalesRep_ID,20
U,MOLI_BrandUSP,U,SOPOType,20
U,MOLI_BrandUSP,U,Updated,20
U,MOLI_BrandUSP,U,UpdatedBy,20
U,MOLI_C_InvoicePayment,U,AD_Client_ID,19
U,MOLI_C_InvoicePayment,U,AD_Org_ID,19
U,MOLI_C_InvoicePayment,U,AllocatedAmt,19
U,MOLI_C_InvoicePayment,U,C_BPartner_ID,19
U,MOLI_C_InvoicePayment,U,C_Currency_ID,19
U,MOLI_C_InvoicePayment,U,C_Order_ID,19
U,MOLI_C_InvoicePayment,U,DateInvoiced,19
U,MOLI_C_InvoicePayment,U,DiscountAmt,19
U,MOLI_C_InvoicePayment,U,DocStatus,19
U,MOLI_C_InvoicePayment,U,DocumentNo,19
U,MOLI_C_InvoicePayment,U,GrandTotal,19
U,MOLI_C_InvoicePayment,U,IsPaid,19
U,MOLI_C_InvoicePayment,U,IsSOTrx,19
U,MOLI_C_InvoicePayment,U,MOLI_Accum_OpenAmt,19
U,MOLI_C_InvoicePayment,U,MOLI_DocType,19
U,MOLI_C_InvoicePayment,U,MOLI_PayRuleText,19
U,MOLI_C_InvoicePayment,U,Multiplier,19
U,MOLI_C_InvoicePayment,U,ReferenceNo,19
U,MOLI_C_InvoicePayment,U,WriteOffAmt,19
U,MOLI_GeoRefCode,U,AD_Client_ID,15
U,MOLI_GeoRefCode,U,AD_Org_ID,15
U,MOLI_GeoRefCode,U,Created,15
U,MOLI_GeoRefCode,U,CreatedBy,15
U,MOLI_GeoRefCode,U,IsActive,15
U,MOLI_GeoRefCode,U,MOLI_GeoRefCode_DepartmentKey,15
U,MOLI_GeoRefCode,U,MOLI_GeoRefCode_DepartmentName,15
U,MOLI_GeoRefCode,U,MOLI_GeoRefCode_ID,15
U,MOLI_GeoRefCode,U,MOLI_GeoRefCode_SectionKey,15
U,MOLI_GeoRefCode,U,MOLI_GeoRefCode_SectionName,15
U,MOLI_GeoRefCode,U,MOLI_GeoRefCode_UU,15
U,MOLI_GeoRefCode,U,Name,15
U,MOLI_GeoRefCode,U,Updated,15
U,MOLI_GeoRefCode,U,UpdatedBy,15
U,MOLI_GeoRefCode,U,Value,15
U,MOLI_HS,U,AD_Client_ID,26
U,MOLI_HS,U,AD_Org_ID,26
U,MOLI_HS,U,Created,26
U,MOLI_HS,U,CreatedBy,26
U,MOLI_HS,U,Description,26
U,MOLI_HS,U,Help,26
U,MOLI_HS,U,IsActive,26
U,MOLI_HS,U,MOLI_HSChapter,26
U,MOLI_HS,U,MOLI_HSHeading,26
U,MOLI_HS,U,MOLI_HS_ID,26
U,MOLI_HS,U,MOLI_HSIncomeCharge,26
U,MOLI_HS,U,MOLI_HSIncomeTax,26
U,MOLI_HS,U,MOLI_HSOtherTax,26
U,MOLI_HS,U,MOLI_HSSalesTax,26
U,MOLI_HS,U,MOLI_HSSelectiveTax,26
U,MOLI_HS,U,MOLI_HSSelectiveTaxSND,26
U,MOLI_HS,U,MOLI_HSSubHeading,26
U,MOLI_HS,U,MOLI_HSSubHeadingExt,26
U,MOLI_HS,U,MOLI_HSTariff,26
U,MOLI_HS,U,MOLI_HSTariffN,26
U,MOLI_HS,U,MOLI_HS_UU,26
U,MOLI_HS,U,MOLI_HSVat,26
U,MOLI_HS,U,Name,26
U,MOLI_HS,U,Updated,26
U,MOLI_HS,U,UpdatedBy,26
U,MOLI_HS,U,Value,26
U,MOLI_inOutData,U,AD_Client_ID,12
U,MOLI_inOutData,U,AD_Org_ID,12
U,MOLI_inOutData,U,Created,12
U,MOLI_inOutData,U,CreatedBy,12
U,MOLI_inOutData,U,IsActive,12
U,MOLI_inOutData,U,M_InOut_ID,12
U,MOLI_inOutData,U,MOLI_inOutData_ID,12
U,MOLI_inOutData,U,MOLI_inOutData_UU,12
U,MOLI_inOutData,U,MOLI_Name,12
U,MOLI_inOutData,U,MOLI_Value,12
U,MOLI_inOutData,U,Updated,12
U,MOLI_inOutData,U,UpdatedBy,12
U,MOLI_invoiceData,U,AD_Client_ID,12
U,MOLI_invoiceData,U,AD_Org_ID,12
U,MOLI_invoiceData,U,C_Invoice_ID,12
U,MOLI_invoiceData,U,Created,12
U,MOLI_invoiceData,U,CreatedBy,12
U,MOLI_invoiceData,U,IsActive,12
U,MOLI_invoiceData,U,MOLI_InvoiceData_ID,12
U,MOLI_invoiceData,U,MOLI_invoiceData_UU,12
U,MOLI_invoiceData,U,MOLI_Name,12
U,MOLI_invoiceData,U,MOLI_Value,12
U,MOLI_invoiceData,U,Updated,12
U,MOLI_invoiceData,U,UpdatedBy,12
U,MOLI_movementData,U,AD_Client_ID,17
U,MOLI_movementData,U,AD_Org_ID,17
U,MOLI_movementData,U,Created,17
U,MOLI_movementData,U,CreatedBy,17
U,MOLI_movementData,U,IsActive,17
U,MOLI_movementData,U,M_Movement_ID,17
U,MOLI_movementData,U,MOLI_Cdc,17
U,MOLI_movementData,U,MOLI_FsError,17
U,MOLI_movementData,U,MOLI_FsMessage,17
U,MOLI_movementData,U,MOLI_FsPaused,17
U,MOLI_movementData,U,MOLI_FsStatus,17
U,MOLI_movementData,U,MOLI_movementData_ID,17
U,MOLI_movementData,U,MOLI_movementData_UU,17
U,MOLI_movementData,U,MOLI_Name,17
U,MOLI_movementData,U,MOLI_Value,17
U,MOLI_movementData,U,Updated,17
U,MOLI_movementData,U,UpdatedBy,17
U,MOLI_PeopleCount,U,AD_Client_ID,13
U,MOLI_PeopleCount,U,AD_Org_ID,13
U,MOLI_PeopleCount,U,Created,13
U,MOLI_PeopleCount,U,CreatedBy,13
U,MOLI_PeopleCount,U,IsActive,13
U,MOLI_PeopleCount,U,M_Locator_ID,13
U,MOLI_PeopleCount,U,MOLI_PeopleCount_ID,13
U,MOLI_PeopleCount,U,MOLI_PeopleCount_UU,13
U,MOLI_PeopleCount,U,MOLI_QtyVistiors,13
U,MOLI_PeopleCount,U,MOLI_TimeEnd,13
U,MOLI_PeopleCount,U,MOLI_TimeStart,13
U,MOLI_PeopleCount,U,Updated,13
U,MOLI_PeopleCount,U,UpdatedBy,13
U,MOLI_posTransactions,U,AD_Client_ID,52
U,MOLI_posTransactions,U,AD_Org_ID,52
U,MOLI_posTransactions,U,C_Invoice_ID,52
U,MOLI_posTransactions,U,Created,52
U,MOLI_posTransactions,U,CreatedBy,52
U,MOLI_posTransactions,U,IsActive,52
U,MOLI_posTransactions,U,MOLI_Amount,52
U,MOLI_posTransactions,U,MOLI_CardAid,52
U,MOLI_posTransactions,U,MOLI_CardArqc,52
U,MOLI_posTransactions,U,MOLI_CardAuthCode,52
U,MOLI_posTransactions,U,MOLI_CardBalanceAmount,52
U,MOLI_posTransactions,U,MOLI_CardBin,52
U,MOLI_posTransactions,U,MOLI_CardCashBackAmount,52
U,MOLI_posTransactions,U,MOLI_CardExtData,52
U,MOLI_posTransactions,U,MOLI_CardHolderName,52
U,MOLI_posTransactions,U,MOLI_CardMerchantGateway,52
U,MOLI_posTransactions,U,MOLI_CardName,52
U,MOLI_posTransactions,U,MOLI_CardNsu,52
U,MOLI_posTransactions,U,MOLI_CardNumber,52
U,MOLI_posTransactions,U,MOLI_CardReader,52
U,MOLI_posTransactions,U,MOLI_CardTradeCode,52
U,MOLI_posTransactions,U,MOLI_CardTransactionId,52
U,MOLI_posTransactions,U,MOLI_CardType,52
U,MOLI_posTransactions,U,MOLI_CustomPaymentCashPayment,52
U,MOLI_posTransactions,U,MOLI_CustomPaymentFieldName,52
U,MOLI_posTransactions,U,MOLI_CustomPaymentName,52
U,MOLI_posTransactions,U,MOLI_CustomPaymentRef,52
U,MOLI_posTransactions,U,MOLI_CustomPaymRefItemId,52
U,MOLI_posTransactions,U,MOLI_CustomPaymRefPrintFormat,52
U,MOLI_posTransactions,U,MOLI_CustomPaymRefTicketId,52
U,MOLI_posTransactions,U,MOLI_DocumentType,52
U,MOLI_posTransactions,U,MOLI_GiftCertCashBackAmount,52
U,MOLI_posTransactions,U,MOLI_GiftCertFaceValue,52
U,MOLI_posTransactions,U,MOLI_GiftCertNumber,52
U,MOLI_posTransactions,U,MOLI_GiftCertPaidAmount,52
U,MOLI_posTransactions,U,MOLI_GiftCertRefundItemId,52
U,MOLI_posTransactions,U,MOLI_GiftCertRefundTicketID,52
U,MOLI_posTransactions,U,MOLI_GlobalID,52
U,MOLI_posTransactions,U,MOLI_PaymentSubType,52
U,MOLI_posTransactions,U,MOLI_Payment_Type,52
U,MOLI_posTransactions,U,MOLI_PaymentType,52
U,MOLI_posTransactions,U,MOLI_PayoutReasonID,52
U,MOLI_posTransactions,U,MOLI_PayoutRecepientID,52
U,MOLI_posTransactions,U,MOLI_PosTransactions_ID,52
U,MOLI_posTransactions,U,MOLI_posTransactions_UU,52
U,MOLI_posTransactions,U,MOLI_Properties,52
U,MOLI_posTransactions,U,MOLI_TenderAmount,52
U,MOLI_posTransactions,U,MOLI_TicketId,52
U,MOLI_posTransactions,U,MOLI_TransactionTime,52
U,MOLI_posTransactions,U,MOLI_TransactionType,52
U,MOLI_posTransactions,U,Updated,52
U,MOLI_posTransactions,U,UpdatedBy,52
U,MOLI_ProductBrand,U,AD_Client_ID,14
U,MOLI_ProductBrand,U,AD_Org_ID,14
U,MOLI_ProductBrand,U,C_BPartner_ID,14
U,MOLI_ProductBrand,U,Created,14
U,MOLI_ProductBrand,U,CreatedBy,14
U,MOLI_ProductBrand,U,IsActive,14
U,MOLI_ProductBrand,U,MOLI_BrandSymbol,14
U,MOLI_ProductBrand,U,MOLI_isApproval,14
U,MOLI_ProductBrand,U,MOLI_isWHS,14
U,MOLI_ProductBrand,U,MOLI_ProductBrand_ID,14
U,MOLI_ProductBrand,U,MOLI_ProductBrand_UU,14
U,MOLI_ProductBrand,U,Name,14
U,MOLI_ProductBrand,U,Updated,14
U,MOLI_ProductBrand,U,UpdatedBy,14
U,MOLI_ProductLine,U,AD_Client_ID,19
U,MOLI_ProductLine,U,AD_Org_ID,19
U,MOLI_ProductLine,U,Created,19
U,MOLI_ProductLine,U,CreatedBy,19
U,MOLI_ProductLine,U,IsActive,19
U,MOLI_ProductLine,U,MOLI_isApproval,19
U,MOLI_ProductLine,U,MOLI_IsLocalVendor,19
U,MOLI_ProductLine,U,MOLI_isWHS,19
U,MOLI_ProductLine,U,MOLI_LineSymbol,19
U,MOLI_ProductLine,U,MOLI_LocalVendorRate,19
U,MOLI_ProductLine,U,MOLI_ProductBrand_ID,19
U,MOLI_ProductLine,U,MOLI_ProductLine_ID,19
U,MOLI_ProductLine,U,MOLI_ProductLine_UU,19
U,MOLI_ProductLine,U,MOLI_RTLCommissionRate,19
U,MOLI_ProductLine,U,MOLI_SKUGroup,19
U,MOLI_ProductLine,U,MOLI_WHSCommissionRate,19
U,MOLI_ProductLine,U,Name,19
U,MOLI_ProductLine,U,Updated,19
U,MOLI_ProductLine,U,UpdatedBy,19
U,MOLI_RegForm,U,AD_Client_ID,54
U,MOLI_RegForm,U,Address1,54
U,MOLI_RegForm,U,Address2,54
U,MOLI_RegForm,U,AD_Org_ID,54
U,MOLI_RegForm,U,AD_User_ID,54
U,MOLI_RegForm,U,C_BPartner_ID,54
U,MOLI_RegForm,U,C_BPartner_Location_ID,54
U,MOLI_RegForm,U,C_BPartnerRelation_ID,54
U,MOLI_RegForm,U,C_BPartnerRelation_Location_ID,54
U,MOLI_RegForm,U,CountryName,54
U,MOLI_RegForm,U,Created,54
U,MOLI_RegForm,U,CreatedBy,54
U,MOLI_RegForm,U,Date1,54
U,MOLI_RegForm,U,DateDoc,54
U,MOLI_RegForm,U,Description,54
U,MOLI_RegForm,U,DocumentNo,54
U,MOLI_RegForm,U,EMail,54
U,MOLI_RegForm,U,Help,54
U,MOLI_RegForm,U,IsActive,54
U,MOLI_RegForm,U,IsApproved,54
U,MOLI_RegForm,U,MailText,54
U,MOLI_RegForm,U,MOLI_Activity,54
U,MOLI_RegForm,U,MOLI_AltMaker,54
U,MOLI_RegForm,U,MOLI_CertNum,54
U,MOLI_RegForm,U,MOLI_ConcessionDate,54
U,MOLI_RegForm,U,MOLI_Dias_Concesion,54
U,MOLI_RegForm,U,MOLI_ExpirationDate,54
U,MOLI_RegForm,U,MOLI_MadeIn,54
U,MOLI_RegForm,U,MOLI_MainMaker,54
U,MOLI_RegForm,U,MOLI_NumMesaEntrada,54
U,MOLI_RegForm,U,MOLI_NumRE,54
U,MOLI_RegForm,U,MOLI_NumRE1,54
U,MOLI_RegForm,U,MOLI_Num_RSPA,54
U,MOLI_RegForm,U,MOLI_ProductData,54
U,MOLI_RegForm,U,MOLI_RegCommName,54
U,MOLI_RegForm,U,MOLI_RegForm_ID,54
U,MOLI_RegForm,U,MOLI_RegFormType,54
U,MOLI_RegForm,U,MOLI_RegForm_UU,54
U,MOLI_RegForm,U,MOLI_RegGenName,54
U,MOLI_RegForm,U,MOLI_RegGrade,54
U,MOLI_RegForm,U,MOLI_RegPresentationForm,54
U,MOLI_RegForm,U,MOLI_RegVariety,54
U,MOLI_RegForm,U,MOLI_RUC,54
U,MOLI_RegForm,U,MOLI_SellPerm,54
U,MOLI_RegForm,U,MOLI_SIMESE,54
U,MOLI_RegForm,U,Name,54
U,MOLI_RegForm,U,Phone,54
U,MOLI_RegForm,U,Phone2,54
U,MOLI_RegForm,U,ProductName,54
U,MOLI_RegForm,U,SalesRep_ID,54
U,MOLI_RegForm,U,TaxID,54
U,MOLI_RegForm,U,Updated,54
U,MOLI_RegForm,U,UpdatedBy,54
U,MOLI_RegForm,U,Value,54
U,MOLI_RegFormLine,U,AD_Client_ID,31
U,MOLI_RegFormLine,U,AD_Org_ID,31
U,MOLI_RegFormLine,U,Created,31
U,MOLI_RegFormLine,U,CreatedBy,31
U,MOLI_RegFormLine,U,Date1,31
U,MOLI_RegFormLine,U,DateTrx,31
U,MOLI_RegFormLine,U,Description,31
U,MOLI_RegFormLine,U,DocumentNo,31
U,MOLI_RegFormLine,U,Help,31
U,MOLI_RegFormLine,U,IsActive,31
U,MOLI_RegFormLine,U,MOLI_ActionRequired,31
U,MOLI_RegFormLine,U,MOLI_DateCDAR,31
U,MOLI_RegFormLine,U,MOLI_DateCLV,31
U,MOLI_RegFormLine,U,MOLI_DateCP,31
U,MOLI_RegFormLine,U,MOLI_DateFormula,31
U,MOLI_RegFormLine,U,MOLI_DateGMP,31
U,MOLI_RegFormLine,U,MOLI_DateKBIS,31
U,MOLI_RegFormLine,U,MOLI_IsCartaPoder,31
U,MOLI_RegFormLine,U,MOLI_IsCDAR,31
U,MOLI_RegFormLine,U,MOLI_IsCLV,31
U,MOLI_RegFormLine,U,MOLI_IsFormula,31
U,MOLI_RegFormLine,U,MOLI_IsGMP,31
U,MOLI_RegFormLine,U,MOLI_IsKBIS,31
U,MOLI_RegFormLine,U,MOLI_RegForm_ID,31
U,MOLI_RegFormLine,U,MOLI_RegFormLine_ID,31
U,MOLI_RegFormLine,U,MOLI_RegFormLine_UU,31
U,MOLI_RegFormLine,U,MOLI_RgmStatus,31
U,MOLI_RegFormLine,U,MOLI_StatusType,31
U,MOLI_RegFormLine,U,Name,31
U,MOLI_RegFormLine,U,Updated,31
U,MOLI_RegFormLine,U,UpdatedBy,31
U,MOLI_RegFormProduct,U,AD_Client_ID,15
U,MOLI_RegFormProduct,U,AD_Org_ID,15
U,MOLI_RegFormProduct,U,CategoryName,15
U,MOLI_RegFormProduct,U,Created,15
U,MOLI_RegFormProduct,U,CreatedBy,15
U,MOLI_RegFormProduct,U,IsActive,15
U,MOLI_RegFormProduct,U,MOLI_RegForm_ID,15
U,MOLI_RegFormProduct,U,MOLI_RegFormProduct_ID,15
U,MOLI_RegFormProduct,U,MOLI_RegFormProduct_UU,15
U,MOLI_RegFormProduct,U,M_Product_ID,15
U,MOLI_RegFormProduct,U,Name2,15
U,MOLI_RegFormProduct,U,ProductBrand_Value,15
U,MOLI_RegFormProduct,U,SKU,15
U,MOLI_RegFormProduct,U,Updated,15
U,MOLI_RegFormProduct,U,UpdatedBy,15
U,MOLI_SKULabel,U,AD_Client_ID,46
U,MOLI_SKULabel,U,Address,46
U,MOLI_SKULabel,U,AD_Org_ID,46
U,MOLI_SKULabel,U,BrandName,46
U,MOLI_SKULabel,U,CategoryName,46
U,MOLI_SKULabel,U,City,46
U,MOLI_SKULabel,U,Created,46
U,MOLI_SKULabel,U,CreatedBy,46
U,MOLI_SKULabel,U,Description,46
U,MOLI_SKULabel,U,DescriptionURL,46
U,MOLI_SKULabel,U,DocumentNote,46
U,MOLI_SKULabel,U,Help,46
U,MOLI_SKULabel,U,ImageURL,46
U,MOLI_SKULabel,U,IsActive,46
U,MOLI_SKULabel,U,LineName,46
U,MOLI_SKULabel,U,MOLI_DescriptionURL,46
U,MOLI_SKULabel,U,MOLI_ImageURL,46
U,MOLI_SKULabel,U,MOLI_RegForm_ID,46
U,MOLI_SKULabel,U,moli_skulabel_expiere,46
U,MOLI_SKULabel,U,MOLI_SKULabel_ExpireDate,46
U,MOLI_SKULabel,U,MOLI_SKULabel_FormType,46
U,MOLI_SKULabel,U,MOLI_SKULabel_LabelQuantity,46
U,MOLI_SKULabel,U,MOLI_SKULabel_MatchRegFormRule,46
U,MOLI_SKULabel,U,MOLI_SKULabel_PriceListRT,46
U,MOLI_SKULabel,U,MOLI_SKULabel_ProductionType,46
U,MOLI_SKULabel,U,MOLI_SKULabel_RE,46
U,MOLI_SKULabel,U,MOLI_SKULabel_Reg,46
U,MOLI_SKULabel,U,MOLI_SKULabel_RegAgent,46
U,MOLI_SKULabel,U,MOLI_SKULabel_Registrant,46
U,MOLI_SKULabel,U,MOLI_SKULabel_RP,46
U,MOLI_SKULabel,U,MOLI_TagLabelExt,46
U,MOLI_SKULabel,U,M_PriceList_ID,46
U,MOLI_SKULabel,U,M_Product_ID,46
U,MOLI_SKULabel,U,Phone,46
U,MOLI_SKULabel,U,PriceLimit,46
U,MOLI_SKULabel,U,PriceList,46
U,MOLI_SKULabel,U,PriceStd,46
U,MOLI_SKULabel,U,ProductCategoryBrand,46
U,MOLI_SKULabel,U,ProductCategoryBrandLine,46
U,MOLI_SKULabel,U,ProductName,46
U,MOLI_SKULabel,U,ProductSKU,46
U,MOLI_SKULabel,U,ProductUPC,46
U,MOLI_SKULabel,U,TaxCategory,46
U,MOLI_SKULabel,U,TaxID,46
U,MOLI_SKULabel,U,Updated,46
U,MOLI_SKULabel,U,UpdatedBy,46
U,Regulation_Form,U,AD_Client_ID,52
U,Regulation_Form,U,Address1,52
U,Regulation_Form,U,Address2,52
U,Regulation_Form,U,AD_Org_ID,52
U,Regulation_Form,U,AD_User_ID,52
U,Regulation_Form,U,C_BPartner_ID,52
U,Regulation_Form,U,C_BPartner_Location_ID,52
U,Regulation_Form,U,C_BPartnerRelation_ID,52
U,Regulation_Form,U,C_BPartnerRelation_Location_ID,52
U,Regulation_Form,U,CountryName,52
U,Regulation_Form,U,Created,52
U,Regulation_Form,U,CreatedBy,52
U,Regulation_Form,U,Date1,52
U,Regulation_Form,U,DateDoc,52
U,Regulation_Form,U,Description,52
U,Regulation_Form,U,DocumentNo,52
U,Regulation_Form,U,EMail,52
U,Regulation_Form,U,Help,52
U,Regulation_Form,U,IsActive,52
U,Regulation_Form,U,IsApproved,52
U,Regulation_Form,U,MailText,52
U,Regulation_Form,U,MOLI_Activity,52
U,Regulation_Form,U,MOLI_AltMaker,52
U,Regulation_Form,U,MOLI_CertNum,52
U,Regulation_Form,U,MOLI_ConcessionDate,52
U,Regulation_Form,U,MOLI_Dias_Concesion,52
U,Regulation_Form,U,MOLI_ExpirationDate,52
U,Regulation_Form,U,MOLI_MadeIn,52
U,Regulation_Form,U,MOLI_MainMaker,52
U,Regulation_Form,U,MOLI_NumMesaEntrada,52
U,Regulation_Form,U,MOLI_NumRE,52
U,Regulation_Form,U,MOLI_NumRE1,52
U,Regulation_Form,U,MOLI_Num_RSPA,52
U,Regulation_Form,U,MOLI_ProductData,52
U,Regulation_Form,U,MOLI_RegCommName,52
U,Regulation_Form,U,MOLI_RegForm_ID,52
U,Regulation_Form,U,MOLI_RegFormType,52
U,Regulation_Form,U,MOLI_RegForm_UU,52
U,Regulation_Form,U,MOLI_RegGenName,52
U,Regulation_Form,U,MOLI_RegPresentationForm,52
U,Regulation_Form,U,MOLI_RUC,52
U,Regulation_Form,U,MOLI_SellPerm,52
U,Regulation_Form,U,MOLI_SIMESE,52
U,Regulation_Form,U,Name,52
U,Regulation_Form,U,Phone,52
U,Regulation_Form,U,Phone2,52
U,Regulation_Form,U,ProductName,52
U,Regulation_Form,U,SalesRep_ID,52
U,Regulation_Form,U,TaxID,52
U,Regulation_Form,U,Updated,52
U,Regulation_Form,U,UpdatedBy,52
U,Regulation_Form,U,Value,52
U,Regulation_Form_Line,U,AD_Client_ID,29
U,Regulation_Form_Line,U,AD_Org_ID,29
U,Regulation_Form_Line,U,Created,29
U,Regulation_Form_Line,U,CreatedBy,29
U,Regulation_Form_Line,U,Date1,29
U,Regulation_Form_Line,U,Description,29
U,Regulation_Form_Line,U,IsActive,29
U,Regulation_Form_Line,U,MOLI_ActionRequired,29
U,Regulation_Form_Line,U,MOLI_DateCDAR,29
U,Regulation_Form_Line,U,MOLI_DateCLV,29
U,Regulation_Form_Line,U,MOLI_DateCP,29
U,Regulation_Form_Line,U,MOLI_DateFormula,29
U,Regulation_Form_Line,U,MOLI_DateGMP,29
U,Regulation_Form_Line,U,MOLI_DateKBIS,29
U,Regulation_Form_Line,U,MOLI_IsCartaPoder,29
U,Regulation_Form_Line,U,MOLI_IsCDAR,29
U,Regulation_Form_Line,U,MOLI_IsCLV,29
U,Regulation_Form_Line,U,MOLI_IsFormula,29
U,Regulation_Form_Line,U,MOLI_IsGMP,29
U,Regulation_Form_Line,U,MOLI_IsKBIS,29
U,Regulation_Form_Line,U,MOLI_RegForm_ID,29
U,Regulation_Form_Line,U,MOLI_RegFormLine_ID,29
U,Regulation_Form_Line,U,MOLI_RegFormLine_UU,29
U,Regulation_Form_Line,U,MOLI_RgmStatus,29
U,Regulation_Form_Line,U,MOLI_StatusType,29
U,Regulation_Form_Line,U,Name,29
U,Regulation_Form_Line,U,Updated,29
U,Regulation_Form_Line,U,UpdatedBy,29
U,Regulation_Form_Line,U,Value,29
U,Regulation_Form_Product,U,AD_Client_ID,21
U,Regulation_Form_Product,U,AD_Org_ID,21
U,Regulation_Form_Product,U,AD_User_ID,21
U,Regulation_Form_Product,U,CategoryName,21
U,Regulation_Form_Product,U,Created,21
U,Regulation_Form_Product,U,CreatedBy,21
U,Regulation_Form_Product,U,Description,21
U,Regulation_Form_Product,U,DocumentNo,21
U,Regulation_Form_Product,U,IsActive,21
U,Regulation_Form_Product,U,MOLI_RegForm_ID,21
U,Regulation_Form_Product,U,MOLI_RegFormProduct_ID,21
U,Regulation_Form_Product,U,MOLI_RegFormProduct_ID_UU,21
U,Regulation_Form_Product,U,M_Product_ID,21
U,Regulation_Form_Product,U,Name,21
U,Regulation_Form_Product,U,Name2,21
U,Regulation_Form_Product,U,ProductBrand_Value,21
U,Regulation_Form_Product,U,SalesRep_ID,21
U,Regulation_Form_Product,U,SKU,21
U,Regulation_Form_Product,U,Updated,21
U,Regulation_Form_Product,U,UpdatedBy,21
U,Regulation_Form_Product,U,Value,21
U,REST_Resource,U,AD_Client_ID,11
U,REST_Resource,U,AD_Org_ID,11
U,REST_Resource,U,Created,11
U,REST_Resource,U,CreatedBy,11
U,REST_Resource,U,IsActive,11
U,REST_Resource,U,Name,11
U,REST_Resource,U,REST_Resource_ID,11
U,REST_Resource,U,REST_ResourcePath,11
U,REST_Resource,U,REST_Resource_UU,11
U,REST_Resource,U,Updated,11
U,REST_Resource,U,UpdatedBy,11
U,REST_Resource_Access,U,AD_Client_ID,11
U,REST_Resource_Access,U,AD_Org_ID,11
U,REST_Resource_Access,U,AD_Role_ID,11
U,REST_Resource_Access,U,Created,11
U,REST_Resource_Access,U,CreatedBy,11
U,REST_Resource_Access,U,IsActive,11
U,REST_Resource_Access,U,REST_HttpMethods,11
U,REST_Resource_Access,U,REST_Resource_Access_UU,11
U,REST_Resource_Access,U,REST_Resource_ID,11
U,REST_Resource_Access,U,Updated,11
U,REST_Resource_Access,U,UpdatedBy,11
U,REST_View,U,AD_Client_ID,12
U,REST_View,U,AD_Org_ID,12
U,REST_View,U,AD_Table_ID,12
U,REST_View,U,Created,12
U,REST_View,U,CreatedBy,12
U,REST_View,U,IsActive,12
U,REST_View,U,Name,12
U,REST_View,U,REST_View_ID,12
U,REST_View,U,REST_View_UU,12
U,REST_View,U,Updated,12
U,REST_View,U,UpdatedBy,12
U,REST_View,U,WhereClause,12
U,REST_ViewColumn,U,AD_Client_ID,14
U,REST_ViewColumn,U,AD_Column_ID,14
U,REST_ViewColumn,U,AD_Org_ID,14
U,REST_ViewColumn,U,Created,14
U,REST_ViewColumn,U,CreatedBy,14
U,REST_ViewColumn,U,IsActive,14
U,REST_ViewColumn,U,Name,14
U,REST_ViewColumn,U,REST_ReferenceView_ID,14
U,REST_ViewColumn,U,REST_ViewColumn_ID,14
U,REST_ViewColumn,U,REST_ViewColumn_UU,14
U,REST_ViewColumn,U,REST_View_ID,14
U,REST_ViewColumn,U,SeqNo,14
U,REST_ViewColumn,U,Updated,14
U,REST_ViewColumn,U,UpdatedBy,14
U,REST_ViewRelated,U,AD_Client_ID,13
U,REST_ViewRelated,U,AD_Org_ID,13
U,REST_ViewRelated,U,Created,13
U,REST_ViewRelated,U,CreatedBy,13
U,REST_ViewRelated,U,IsActive,13
U,REST_ViewRelated,U,IsRestAutoExpand,13
U,REST_ViewRelated,U,Name,13
U,REST_ViewRelated,U,REST_RelatedRestView_ID,13
U,REST_ViewRelated,U,REST_View_ID,13
U,REST_ViewRelated,U,REST_ViewRelated_ID,13
U,REST_ViewRelated,U,REST_ViewRelated_UU,13
U,REST_ViewRelated,U,Updated,13
U,REST_ViewRelated,U,UpdatedBy,13
U,RV_M_ProductPrice,U,AD_Client_ID,22
U,RV_M_ProductPrice,U,AD_Org_ID,22
U,RV_M_ProductPrice,U,Created,22
U,RV_M_ProductPrice,U,CreatedBy,22
U,RV_M_ProductPrice,U,C_TaxCategory_ID,22
U,RV_M_ProductPrice,U,Discontinued,22
U,RV_M_ProductPrice,U,IsActive,22
U,RV_M_ProductPrice,U,IsSOPriceList,22
U,RV_M_ProductPrice,U,MOLI_ProductBrand_ID,22
U,RV_M_ProductPrice,U,MOLI_ProductLine_ID,22
U,RV_M_ProductPrice,U,M_PriceList_ID,22
U,RV_M_ProductPrice,U,M_PriceList_Version_ID,22
U,RV_M_ProductPrice,U,M_Product_Category_ID,22
U,RV_M_ProductPrice,U,PriceLimit,22
U,RV_M_ProductPrice,U,PriceList,22
U,RV_M_ProductPrice,U,PriceStd,22
U,RV_M_ProductPrice,U,productkey,22
U,RV_M_ProductPrice,U,ProductName,22
U,RV_M_ProductPrice,U,SKU,22
U,RV_M_ProductPrice,U,UPC,22
U,RV_M_ProductPrice,U,Updated,22
U,RV_M_ProductPrice,U,UpdatedBy,22
