<?xml version="1.0" encoding="UTF-8"?><?xml-stylesheet type="text/css" href="idempiereDocument.css"?><idempiereDocument>
    <header>2Pack_11.0.0 Package Description</header>
    <H1>Package Name:</H1>
    <packagename>2Pack_11.0.0</packagename>
    <H1>Author:</H1>
    <Name:/>
    <H1>Email Address:</H1>
    <Email/>
    <H1>Created:</H1>
    <Date>2025-09-25 11:26:54.114</Date>
    <H1>Updated:</H1>
    <Date>2025-09-25 11:37:10.773</Date>
    <H1>Description:</H1>
    <description>Create a new Window Product Brand and Product Line
Update a Product window for Field of Product Brand and Product Line adds</description>
    <H1>Instructions:</H1>
    <instructions/>
    <H1>Files in Package:</H1>
    <file>File: PackOut.xml</file>
    <filedirectory>Directory: \dict\</filedirectory>
    <filenotes>Notes: Contains all application/object settings for package</filenotes>
    <H1>Client:</H1>
    <Client>0-SYSTEM-System</Client>
</idempiereDocument>
